image_index,description
image_1,このファッションアイテムは、青と白の斑点が特徴的なシャツです。男性が着用することができます。
image_2,このファッションアイテムは、青色のジーンズで、男性用の細身のスタイルです。細身のジーンズは、スリムでシンプルなデザインが特徴で、スタイリッシュでファッションに合うものとして人気があります
image_3,このファッションアイテムは、銀製の時計で、白色のダイヤモンドが組み込まれています。時計は、半径10cmの幅を持ち、手首に着用することができます。このアイテムは、シャネルブラ
image_4,このファッションアイテムは、男性用のパンツです。色は黒で、オレンジのロゴが付いています。このアイテムは、スポーツやレジャーの目的で使用されることが多く、簡潔で快適な使用を提供しま
image_5,このファッションアイテムは、男性向けのグレー色のポロシャツです。ポロシャツは、シャツの一種で、縦のラインが特徴です。このシャツは、ポロシャツの一種であり、縦のラインが特徴です
image_6,このファッションアイテムは、男性向けのTシャツです。色はグレーで、デザインには、車のロゴが描かれています。このTシャツは、穏やかな表情をしている男性が着ているように見えます。
image_7,このファッションアイテムは、青色のシャツで、男性向けの着物です。シャツは、短い袖と長い袖を備えており、男性のスタイルに合っています。
image_8,このファッションアイテムは、女性向けの紺色のシャツです。シャツは、シンプルなデザインで、女性の身体をフルに表現します。このシャツは、細かなディテールから、女性の自信を高めることができます。
image_9,このファッションアイテムは、黒と白のストリートソックスです。彼らは、細かなストリートパターンで、ストリートスタイルに合わせています。このアイテムは、ストリートの基本的なアイテムであり、簡
image_10,このファッションアイテムは、時計であり、黒い素材で作られています。時計には、数字や時刻が表示されており、そのデザインはシンプルであり、時刻を簡単に読み取ることができます。この
image_11,このファッションアイテムは、黒色のジャパンスニーカーです。彼らは、独特なデザインと、シャープなラインが特徴です。このスニーカーは、スポーツやレクリエーションに最適で、踊りや運
image_12,このファッションアイテムは、ブランド名「Gucci」のシールドベルトです。色は黒で、シールドの中央には銀色のシールドがあります。このベルトは、高級なデザインと耐久性を兼ねています。
image_13,このファッションアイテムは、黒色のフリースルーの靴です。彼は、踝の部分に耳を持っており、裏側にはロゴがあります。この靴は、軽くて舒やかな感覚を提供し、
image_14,このファッションアイテムは、絵柄のあるバッグです。色は青と白で、絵柄は犬を描いています。バッグは手に持てるサイズで、手袋のように着用することができます。
image_15,このファッションアイテムは、青色の靴で、着心地が良く、簡単に着脱できる。靴には、キャットの絵柄が描かれており、子供向けのアイテムとして人気があります。
image_16,このファッションアイテムは、紫色のシャツで、左胸にはポケットが付いています。シャツは、縫製の質が高く、製品の品質が高いことが期待できます。
image_17,"This is a black watch with a black band. The watch has a black face and a red number 12. The watch is designed for both men and women, making it a versatile accessory."
image_18,このファッションアイテムは、白と青の色で、花の模様が描かれています。細かな花の模様が、胸や腕に描かれており、シャツの上には、青と白の色で、花の模様が描かれています
image_19,このファッションアイテムは、女性向けのトップスタイルです。色は、淡いカラーで、細かな模様があります。特徴として、肩には蝶の模様があり、胸には小さなボタンが付いています
image_20,このファッションアイテムは、細かな縫いで装飾された大きな袋状のバッグです。色は暗い灰色で、縫いのデザインはシンプルであり、手袋のような形状をしています。このバッグは、
image_21,このファッションアイテムは、時計であり、黒と黄色のカラーで構成されています。彼は、数字や時刻を表示するためのディスプレイを備えており、そのディスプレイには、数字や時刻が表示されま
image_22,このファッションアイテムは、黒と黄色の靴です。彼らは、細かなデザインと、製造者のロゴが刻まれています。この靴は、踵の部分に金属製の紐を備えており、製造者の
image_23,このファッションアイテムは、ブラシ（ブラシ）であり、黒色である。ブラシは、髪を整えるために使用される小さな毛のつながりであり、髪を整えることができる。このブラシは、木製のハン
image_24,このファッションアイテムは、灰色のジーンズで、赤と白のラインが入っています。また、胸にはシールが付いており、首にはシールがついています。このアイテムは、スリーカルやジーンズといったスタイルに
image_25,このファッションアイテムは、液体のボトルに入っています。ボトルの色は白で、その中には、柔らかな質感がある液体が入っています。このアイテムは、美容やスキンケアに使用されることが多く
image_26,このファッションアイテムは、ブランド名「Hush Puppies」の靴です。色はブラウンで、特徴として、縁取りがあり、裏側には「Hush Puppies」というロゴがあります。
image_27,このファッションアイテムは、金色の細いリボンで作られています。リボンの細さと金色の色合いが、このアイテムの特徴となっています。
image_28,このファッションアイテムは、男性向けの黒色のTシャツです。Tシャツには、白と黒のラインが入っており、そのラインが胸に向かっています。また、Tシャツには、オレンジのロゴがあり、そのロゴが胸にあ
image_29,このファッションアイテムは、マクシミリアン・ローズ・リップ・リップ・リップ・リップ・リップ・リップ・リップ・リップ・リップ・リップ・リップ・リップ・リップ・リップ・リップ・リップ・リップ・リップ・リ
image_30,このファッションアイテムは、細かな縫いで作られた絹製品で、独特なデザインが特徴です。色は淡いブラウンで、手袋のような形状をしています。このアイテムは、手袋のように
image_31,このファッションアイテムは、男性向けの着物であり、紺色のシャツです。シャツには、紋付きのエンブレムが付いており、そのエンブレムは、シャツの胸に配置されています。このシャツは、スーツや
image_32,"このファッションアイテムは、緑色のTシャツです。その特徴は、""Boston Bruins""というチーム名が書かれており、その上には""Boston Bruins""という文字が入っています。このTシャツは、スポーツファッションに�"
image_33,このファッションアイテムは、男性向けのシャツです。色はブラウンで、シャツの袖にはボタンが付いています。このシャツは、着心地が良く、スタイルも洗練されています。
image_34,このファッションアイテムは、白と赤のスニーカーです。彼らは、細かな赤いストライプがあり、白い素材で作られています。このスニーカーは、スニーカーの一般的な形状を持っており、踵には赤
image_35,このファッションアイテムは、女性用の靴です。色は黒で、シューズには金色の装飾が施されています。靴の底には、金色の装飾が施されています。この靴は、高級感を持ちな
image_36,このファッションアイテムは、緑色のシャツで、豊富な装飾が特徴です。女性が着用することが想像されます。
image_37,このファッションアイテムは、白色の革製品で、ショルダーと呼ばれる装飾が付いています。ショルダーには、ロゴが刻まれており、手袋のような形状をしています。このアイテムは、女性向け
image_38,このファッションアイテムは、青色のバッグです。バッグには、手袋のような形状があり、手袋の中には、手袋の中には、手袋の中には、手袋の中には、手袋の中には、手袋の中には、手�
image_39,このファッションアイテムは、腕時計であり、銀製で、背面には宝石があります。時計には、宝石のようなデザインが施されており、腕時計の中でも特に優れたデザインが特徴です。
image_40,このファッションアイテムは、女性向けの紫色のTシャツです。その上には、2人の女性のイラストが描かれており、その中には、星が描かれています。このTシャツは、スタイリッシュで、女性のファッシ
image_41,このファッションアイテムは、黒色の縁取りのシートベルトであり、縁取りがあることが特徴です。
image_42,このファッションアイテムは、レザーの靴で、赤、青、白の三色で構成されています。靴には、赤、青、白の三色のストライプがあり、それぞれの色が靴の側面に表示されています。また、��
image_43,"This is a watch with a black band and a white face. The watch is a part of the Omega brand and features a black strap. The watch is designed to be a fashionable accessory, suitable for various occasions."
image_44,このファッションアイテムは、女性向けのショートドレスです。色は、赤と白で、花の模様があります。ドレスは、肩から下にかけて、腰までの長さで、肩から下にかけての細かな花模様があり
image_45,このファッションアイテムは、青色のベストと白色のシャツを着用しています。ベストには、白色のボタンが付いており、シャツには、左胸にボタンが付いています。このアイテムは、男性のファッションに��
image_46,このファッションアイテムは、白と黒のスニーカーです。彼らは、Nikeのブランドであり、底には黒いスニーカーの縁があります。このスニーカーは、運動やレクリエーションに最適であり、耐
image_47,このファッションアイテムは、黒色の短パンです。短パンは、男性のスタイルに適しており、スリッパーやスニーカーと併せて着用することができます。このアイテムは、スポーティなアイテムであ
image_48,このファッションアイテムは、男性用のパンツです。色はマーブル（紫）で、特徴として、裏側には「LARGE」と書かれています。
image_49,このファッションアイテムは、男性用のシャツです。色は、紫色で、シャツの袖にはボタンが付いています。このシャツは、組み合わせることができる、細かなデザインが特徴です。
image_50,このファッションアイテムは、黒色の紐で作られており、細かな縫いで組み合わせられています。紐の縁には、金属製のボタンが取り付けられており、紐の縁には、金属製のボ
image_51,このファッションアイテムは、時計であり、黒と白のカラーリングが特徴です。時計は、銀製で、幅広い銀製の腕時計であり、時計の背面には、半球形の時計があります。このアイテム
image_52,このファッションアイテムは、ブランドの靴であり、黒色で、縁取りがある。縁取りは、靴の上部にあり、靴の底部には、縁取りがない。靴は、細かな縁取りで、シャープな�
image_53,このファッションアイテムは、女性向けの着物で、緑色のシャツを着ています。彼女は、手をポケットに入れています。このアイテムは、シャツとスカートの組み合わせで、スタイリッシュでファッ
image_54,このファッションアイテムは、男性用の肌触りのある、水着のようなものです。色は薄い青で、特徴として、背中には星が描かれています。
image_55,このファッションアイテムは、ブランドの靴で、黒色で、シューズのような形状をしています。シューズには、細かな縫い目があり、その上には、細かな縫い目があります。この靴は、スニーカ
image_56,このファッションアイテムは、ストリートウェアのシャツです。色は黒と白で、ストリートのパターンが施されています。このシャツは、男性向けのファッションアイテムで、スタイリッシュでシンプルなデザインが
image_57,このファッションアイテムは、女性向けの紫色のニットシャツです。シャツは、ニットの上に紫色のニットを着用しています。このアイテムは、スポーティな印象を与えるために、ニットの上にニットを
image_58,このファッションアイテムは、子供用の紺色と白色のシャツとブルーグレーの短パンで構成されています。シャツには、縦の細いストライプが施されており、ボタンが付いています。このア
image_59,このファッションアイテムは、時計であり、銀製で、黒と白のカラーリングが特徴です。時計には、赤のリングが付いており、その外側には、銀の腕時計が付いています。このアイテムは、スタイリッシ
image_60,このファッションアイテムは、赤色のTシャツで、描かれているキャラクターは、猫のようなものです。
image_61,このファッションアイテムは、紫色のシルクスカートで、豊かなデザインが特徴です。彼女はこのシルクスカートを着て、美しく洗練された姿を見せています。
image_62,このファッションアイテムは、ナイキのTシャツです。色は黒で、青と緑の文字が入っています。このTシャツは、ナイキのロゴが入っており、スポーティな印象を与えます。
image_63,このファッションアイテムは、時計であり、黒と白のカラーリングが特徴です。彼は、手首に着用することができます。
image_64,このファッションアイテムは、女性向けの小さな財布です。色は、淡いカラーで、細かな縫い目が特徴です。財布には、手袋が付いており、手袋の縁には、金属製の細かな
image_65,このファッションアイテムは、ブランドの黒い靴です。靴には、金色のストラップが付いており、そのストラップには、金色のナックルがあります。靴は、高い跟足と、厚い素材で作られており
image_66,このファッションアイテムは、紫色のスニーカーです。彼らは、チェック柄のデザインで、シューズの上にある縁には、黒色のラインがあります。このスニーカーは、スニーカーの一種であり、ファ
image_67,このファッションアイテムは、ピンク色のエクステンションラインで、ボトルの形をしています。
image_68,このファッションアイテムは、銀色のスニーカーです。彼らは、赤と白のスニーカーの中でもっとも独特で、特に、赤いスニーカーの中でもっとも目を引くものです。彼らは、アディダスのブランドであり、
image_69,このファッションアイテムは、男性用のパンツです。色は、青と白で、斑点模様があります。このアイテムは、肌に優しく、舒適な着心地を提供します。
image_70,このファッションアイテムは、赤色のスニーカーです。彼らは、白いラインで縁取られ、黄色のスニーカーのように見えます。このスニーカーは、独特なデザインで、目を引く印象を与えます。
image_71,このファッションアイテムは、黒と白のチェックパターンで構成されています。彼女は、手袋のような形状をしており、細かなチェックパターンが特徴です。このアイテムは、女性のファッションに
image_72,このファッションアイテムは、灰色のスニーカーです。彼らは、素材として、綿や羊皮を使用しています。彼らは、細かな縫いで縫い付けられており、細かな縫いで�
image_73,このファッションアイテムは、2人の男性が着ている黒いシャツです。彼らは同じようなシャツを着ており、それぞれが異なるポーズをとっています。このシャツは、スリッパーのような形状を持っ
image_74,このファッションアイテムは、黒色のTシャツです。Tシャツは、縦のラインが細かく、背中には「Nike」のロゴがあります。このTシャツは、女性向けのアイテムであり、スリッパーのようなデザインが特
image_75,このファッションアイテムは、青色のスーツに細かな色のラインが入っている。そのスーツは、細かなラインが入った青色のジャケットを含んでいます。このアイテムは、男性向けのファッションアイテムで
image_76,このファッションアイテムは、赤色のシャツで、胸にはオレンジのロゴがあります。シャツは、細かな縫製で、細かな縫製で、細かな縫製で、細かな縫製で、��
image_77,このファッションアイテムは、女性用の靴です。色は、淡いブラウンで、シート素材で作られています。靴には、半分の底があり、底には、シート素材の細かなパターンがあります
image_78,このファッションアイテムは、色鮮やかなリボンが付いた、独特なデザインの靴です。リボンは、靴の側面に巻かれており、靴の底には、細かな縞があります。この靴は、
image_79,このファッションアイテムは、青色のシャツで、ボタンが付いています。ボタンの数は2つで、左右にそれぞれ1つずつあります。このシャツは、女性のファッションに適しており、独特なデザインが特��
image_80,このファッションアイテムは、ピンク色の靴で、花のデザインが施されています。靴には、卵形の底があり、底には細かな花が描かれています。この靴は、子供向けの靴と
image_81,このファッションアイテムは、銀色のサングラスです。彼らは、広いレンズと広いフレームを持っており、視力を維持するために使用されます。このアイテムは、細かな詳細を含ま
image_82,このファッションアイテムは、白と薄い蒸し靴です。彼らは薄い素材で作られており、製品の質感が高いと評判されています。この靴は、蒸し靴の一種であり
image_83,このファッションアイテムは、赤と白のストリープの上に赤のポロシャツを着ています。このアイテムは、男性向けのファッションアイテムで、独特なデザインが特徴です。
image_84,このファッションアイテムは、男性向けのグランジ色のトップスタッフの上着です。上着は、肩から胸にかけての細いラインが特徴で、胸には細いラインが入っています。この上着
image_85,このファッションアイテムは、黄色のフリート、あるいはサンダルです。彼らは、独特なデザインで、縁取りが黄色であり、裏側には「Havaianas」というブランド名が刻まれています。このアイ
image_86,このファッションアイテムは、ピンク色のシリンダーネックレスです。彼女は、細かなデザインと、細かな装飾があります。このアイテムは、彼女のスタイルに合わせて着用することができます
image_87,このファッションアイテムは、ブラウン色の腕時計です。時計には、白い時計表と黒い時計表があり、時計の周りには、細かな時計の細かな部品があります。このアイテムは、スタイリッシュで、時間を��
image_88,このファッションアイテムは、オレンジ色の防水バッグです。バッグの中には、防水のためのシートが含まれており、外部からの水分を防ぐことができます。また、バッグには手袋が含まれてお
image_89,このファッションアイテムは、スニーカーです。色は、グレーとレッドで、シューズには白のラインがあります。特徴として、シューズには細かな縞があり、その縞がシューズの表面に沿って配置さ
image_90,このファッションアイテムは、女性向けのシャツです。色は、赤と白で、花の模様があります。特徴として、シャツの袖には、細い縫いがあり、胸には、蝶の模様があります。また、�
image_91,このファッションアイテムは、独特な形状を持つ、細い縄で作られています。色は暗い灰色で、縄の形状は巻き状になっています。このアイテムは、スタイリッシュな印象を与えること
image_92,このファッションアイテムは、男性向けの黒色のTシャツです。彼は、腕にファッションアイテムを着用しています。
image_93,このファッションアイテムは、紫色のドレスです。彼女は、ドレスの上に黒いベルトを着用しています。彼女は、ドレスの上に手を振り、自信を持って写真に映っています。
image_94,このファッションアイテムは、レイバーズの赤と黒のパンツです。レイバーズは、世界的に知られるブランドであり、高品質で安定した品質で知られています。このアイテムは、男性用のパンツであり、赤と黒の
image_95,このファッションアイテムは、黒色の靴です。彼は、底が平らで、踝には細かな縫いがあります。靴は、製品の名称「アーバン」が記載されています。
image_96,このファッションアイテムは、女性向けの白色のトップと黒色のパンツで構成されています。トップには、細かな花模様が描かれており、その花模様がパンツにも反映されています。このアイテ
image_97,このファッションアイテムは、黒色のTシャツです。Tシャツには、細かなデザインが描かれており、そのデザインがアイテムの特徴となっています。
image_98,このファッションアイテムは、細長い、緑色の球体で、中には「L'Oreal」というブランド名が刻まれています。このアイテムは、手袋やキーホルダーとして使用されることが多く、独自のデザイン
image_99,このファッションアイテムは、青色のワーカーパンツを着ています。彼女は、自分の腕を振り上げ、胸元を見せています。このアイテムは、スタイリッシュで健康的なアイテムであり、女性に人気が
image_100,このファッションアイテムは、黒色のTシャツです。Tシャツには、ピンクのラインがあり、ポロロゴが描かれています。
